原始文件名,上传文件名
3D成像反求技术.pdf,3d-imaging-reconstruction.pdf
"C++程序设计 (姜学锋,周果清,刘君瑞编著 etc.) .pdf",cpp-programming.pdf
Fundamental of Aerodynamics.pdf,fundamentals-of-aerodynamics.pdf
传感器原理及应用.pdf,sensor-principles-and-applications.pdf
传热学（第四版）杨世铭+陶文铨.pdf,heat-transfer-4th-edition.pdf
信号与系统 (段哲民).pdf,signals-and-systems.pdf
固体火箭发动机设计.pdf,solid-rocket-motor-design.pdf
固体火箭推进剂.pdf,solid-rocket-propellants.pdf
多维气体动力学基础 第3版 (单鹏编著).pdf,multidimensional-gasdynamics-3rd-edition.pdf
导引系统原理-笔记.pdf,guidance-systems-lecture-notes.pdf
导引系统原理.pdf,guidance-systems.pdf
导弹总体设计导论.pdf,introduction-to-missile-system-design.pdf
工程数学-复变函数.pdf,engineering-math-complex-analysis.pdf
工程数学-积分变换.pdf,engineering-math-integral-transforms.pdf
工程热力学(第5版) (沈维道 童钧耕).pdf,engineering-thermodynamics-5th-edition.pdf
战术导弹与火箭固体发动机技术概论.pdf,tactical-missile-and-solid-rocket-motor-overview.pdf
数值分析第2版 (李红).pdf,numerical-analysis-2nd-edition.pdf
数字电子技术基础 (阎石主编).pdf,digital-electronics-fundamentals.pdf
材料力学 第3版.pdf,mechanics-of-materials-3rd-edition.pdf
"模拟电子技术基础 第六版 (清华大学电子学教研组编,童诗白,华成英,叶朝辉).pdf",analog-electronics-6th-edition.pdf
气体动力学基础.pdf,gasdynamics-fundamentals.pdf
火箭发动机理论基础.pdf,rocket-engine-fundamentals.pdf
"现代导弹制导控制,杨军.pdf",modern-missile-guidance-and-control.pdf
"现代控制理论（第3版） (刘豹,唐万生).pdf",modern-control-theory-3rd-edition.pdf
理论力学(西工大版本).pdf,theoretical-mechanics-nwpu.pdf
"电路分析基础 (周巍,段哲民).pdf",circuit-analysis-fundamentals.pdf
自动控制原理 (卢京潮).pdf,automatic-control-principles.pdf
航天器姿态与轨道控制原理.pdf,spacecraft-attitude-orbit-control.pdf
航天推进技术.pdf,space-propulsion-technology.pdf
航天推进热防护基础.pdf,propulsion-thermal-protection-fundamentals.pdf
航天飞行动力学.pdf,space-flight-dynamics.pdf
